{"auroc": 0.24429827344569333, "std": 0.05527076209227915, "n": 3}