{
  "training": "CHB-MIT_seizures",
  "n_train": 108,
  "sleepedf": {
    "auroc": 0.34338799999999997,
    "accuracy": 0.413,
    "n_test": 1000
  },
  "icare_bs": {
    "auroc": 0.7470016412069183,
    "accuracy": 0.5955056179775281,
    "n_test": 178
  }
}