{"base_auroc": 0.773532728197579, "tuned_auroc": 0.8547911822287211, "improvement": 0.08125845403114207, "std": 0.10230005762785588, "n": 24}