{"auroc": 0.7611636668611812, "std": 0.14402228404892456, "n": 24, "per_patient": [0.8417695667200805, 0.5945284247883021, 0.6587967248131007, 0.49555615091614347, 0.889949178200692, 0.9103575050279974, 0.7289790421681677, 0.8174027292543821, 0.9064331614998941, 0.5179404624576024, 0.8130981422405704, 0.9610876306557632, 0.9100591715976332, 0.6540730866027822, 0.6694597205707491, 0.882112, 0.6123127582644627, 0.5024837692301519, 0.6291586789293602, 0.9340735017468422, 0.8417091836734694, 0.8523662551440329, 0.8471148126115408, 0.7971063475546306]}